{
    "name": "root",
    "metadata": {
        "timer_format_version": "0.1.0",
        "start_time_seconds": "1618909559",
        "python_version": "3.9.2 (tags/v3.9.2:1a79785, Feb 19 2021, 13:44:55) [MSC v.1928 64 bit (AMD64)]",
        "command_line_arguments": "D:\\Unity\\Projects\\FightingGame\\venv\\Scripts\\mlagents-learn --force",
        "mlagents_version": "0.25.1",
        "mlagents_envs_version": "0.25.1",
        "communication_protocol_version": "1.5.0",
        "pytorch_version": "1.8.0+cu111",
        "numpy_version": "1.20.2",
        "end_time_seconds": "1618909597"
    },
    "total": 38.452391399999996,
    "count": 1,
    "self": 0.0036641999999957875,
    "children": {
        "run_training.setup": {
            "total": 0.029442500000000038,
            "count": 1,
            "self": 0.029442500000000038
        },
        "TrainerController.start_learning": {
            "total": 38.4192847,
            "count": 1,
            "self": 0.07815100000009778,
            "children": {
                "TrainerController._reset_env": {
                    "total": 18.5420042,
                    "count": 1,
                    "self": 18.5420042
                },
                "TrainerController.advance": {
                    "total": 19.685529799999898,
                    "count": 3351,
                    "self": 0.03335209999994504,
                    "children": {
                        "env_step": {
                            "total": 19.652177699999953,
                            "count": 3351,
                            "self": 12.055371399999949,
                            "children": {
                                "SubprocessEnvManager._take_step": {
                                    "total": 7.56543550000006,
                                    "count": 3351,
                                    "self": 0.14648829999989132,
                                    "children": {
                                        "TorchPolicy.evaluate": {
                                            "total": 7.418947200000169,
                                            "count": 3351,
                                            "self": 2.0479587000000556,
                                            "children": {
                                                "TorchPolicy.sample_actions": {
                                                    "total": 5.370988500000113,
                                                    "count": 3351,
                                                    "self": 5.370988500000113
                                                }
                                            }
                                        }
                                    }
                                },
                                "workers": {
                                    "total": 0.03137079999994441,
                                    "count": 3350,
                                    "self": 0.0,
                                    "children": {
                                        "worker_root": {
                                            "total": 21.102930600000057,
                                            "count": 3350,
                                            "is_parallel": true,
                                            "self": 11.580102699999987,
                                            "children": {
                                                "steps_from_proto": {
                                                    "total": 0.00041630000000125733,
                                                    "count": 1,
                                                    "is_parallel": true,
                                                    "self": 0.00019999999999953388,
                                                    "children": {
                                                        "_process_rank_one_or_two_observation": {
                                                            "total": 0.00021630000000172345,
                                                            "count": 2,
                                                            "is_parallel": true,
                                                            "self": 0.00021630000000172345
                                                        }
                                                    }
                                                },
                                                "UnityEnvironment.step": {
                                                    "total": 9.52241160000007,
                                                    "count": 3350,
                                                    "is_parallel": true,
                                                    "self": 0.16467070000035378,
                                                    "children": {
                                                        "UnityEnvironment._generate_step_input": {
                                                            "total": 0.47559609999990116,
                                                            "count": 3350,
                                                            "is_parallel": true,
                                                            "self": 0.47559609999990116
                                                        },
                                                        "communicator.exchange": {
                                                            "total": 8.093759099999957,
                                                            "count": 3350,
                                                            "is_parallel": true,
                                                            "self": 8.093759099999957
                                                        },
                                                        "steps_from_proto": {
                                                            "total": 0.7883856999998571,
                                                            "count": 3350,
                                                            "is_parallel": true,
                                                            "self": 0.5226171999998783,
                                                            "children": {
                                                                "_process_rank_one_or_two_observation": {
                                                                    "total": 0.26576849999997876,
                                                                    "count": 6700,
                                                                    "is_parallel": true,
                                                                    "self": 0.26576849999997876
                                                                }
                                                            }
                                                        }
                                                    }
                                                }
                                            }
                                        }
                                    }
                                }
                            }
                        }
                    }
                },
                "trainer_threads": {
                    "total": 2.8999999997836312e-05,
                    "count": 1,
                    "self": 2.8999999997836312e-05,
                    "children": {
                        "thread_root": {
                            "total": 0.0,
                            "count": 0,
                            "is_parallel": true,
                            "self": 0.0,
                            "children": {
                                "trainer_advance": {
                                    "total": 19.744954600000067,