{
    "name": "root",
    "metadata": {
        "timer_format_version": "0.1.0",
        "start_time_seconds": "1618980344",
        "python_version": "3.9.2 (tags/v3.9.2:1a79785, Feb 19 2021, 13:44:55) [MSC v.1928 64 bit (AMD64)]",
        "command_line_arguments": "D:\\Unity\\Projects\\FightingGame\\venv\\Scripts\\mlagents-learn .\\Assets\\config.yaml --time-scale 1 --resume",
        "mlagents_version": "0.25.1",
        "mlagents_envs_version": "0.25.1",
        "communication_protocol_version": "1.5.0",
        "pytorch_version": "1.8.0+cu111",
        "numpy_version": "1.20.2",
        "end_time_seconds": "1618980368"
    },
    "total": 24.124895000000002,
    "count": 1,
    "self": 0.004466700000001822,
    "children": {
        "run_training.setup": {
            "total": 0.10242709999999988,
            "count": 1,
            "self": 0.10242709999999988
        },
        "TrainerController.start_learning": {
            "total": 24.0180012,
            "count": 1,
            "self": 0.22130769999996502,
            "children": {
                "TrainerController._reset_env": {
                    "total": 5.4887467,
                    "count": 1,
                    "self": 5.4887467
                },
                "TrainerController.advance": {
                    "total": 18.20582530000004,
                    "count": 1658,
                    "self": 0.02006570000002128,
                    "children": {
                        "env_step": {
                            "total": 18.18575960000002,
                            "count": 1658,
                            "self": 13.188166499999891,
                            "children": {
                                "SubprocessEnvManager._take_step": {
                                    "total": 4.9786494000000845,
                                    "count": 1658,
                                    "self": 0.08467050000006804,
                                    "children": {
                                        "TorchPolicy.evaluate": {
                                            "total": 4.8939789000000165,
                                            "count": 1657,
                                            "self": 1.2512610999999332,
                                            "children": {
                                                "TorchPolicy.sample_actions": {
                                                    "total": 3.6427178000000833,
                                                    "count": 1657,
                                                    "self": 3.6427178000000833
                                                }
                                            }
                                        }
                                    }
                                },
                                "workers": {
                                    "total": 0.01894370000004386,
                                    "count": 1657,
                                    "self": 0.0,
                                    "children": {
                                        "worker_root": {
                                            "total": 19.591223299999996,
                                            "count": 1657,
                                            "is_parallel": true,
                                            "self": 8.417935000000028,
                                            "children": {
                                                "steps_from_proto": {
                                                    "total": 0.00044700000000030826,
                                                    "count": 1,
                                                    "is_parallel": true,
                                                    "self": 0.00021200000000032304,
                                                    "children": {
                                                        "_process_rank_one_or_two_observation": {
                                                            "total": 0.00023499999999998522,
                                                            "count": 2,
                                                            "is_parallel": true,
                                                            "self": 0.00023499999999998522
                                                        }
                                                    }
                                                },
                                                "UnityEnvironment.step": {
                                                    "total": 11.172841299999966,
                                                    "count": 1657,
                                                    "is_parallel": true,
                                                    "self": 0.16243269999993615,
                                                    "children": {
                                                        "UnityEnvironment._generate_step_input": {
                                                            "total": 0.5137216999999881,
                                                            "count": 1657,
                                                            "is_parallel": true,
                                                            "self": 0.5137216999999881
                                                        },
                                                        "communicator.exchange": {
                                                            "total": 9.800952500000038,
                                                            "count": 1657,
                                                            "is_parallel": true,
                                                            "self": 9.800952500000038
                                                        },
                                                        "steps_from_proto": {
                                                            "total": 0.6957344000000028,
                                                            "count": 1657,
                                                            "is_parallel": true,
                                                            "self": 0.44752820000006555,
                                                            "children": {
                                                                "_process_rank_one_or_two_observation": {
                                                                    "total": 0.2482061999999372,
                                                                    "count": 3314,
                                                                    "is_parallel": true,
                                                                    "self": 0.2482061999999372
                                                                }
                                                            }
                                                        }
                                                    }
                                                }
                                            }
                                        }
                                    }
                                }
                            }
                        }
                    }
                },
                "trainer_threads": {
                    "total": 1.4999999997655777e-05,
                    "count": 1,
                    "self": 1.4999999997655777e-05,
                    "children": {
                        "thread_root": {
                            "total": 0.0,
                            "count": 0,
                            "is_parallel": true,
                            "self": 0.0,