{
    "name": "root",
    "gauges": {
        "MlAgent.Policy.Entropy.mean": {
            "value": 1.5251247882843018,
            "min": 1.5251247882843018,
            "max": 1.6084367036819458,
            "count": 16
        },
        "MlAgent.Policy.Entropy.sum": {
            "value": 76323.34375,
            "min": 76323.34375,
            "max": 80537.640625,
            "count": 16
        },
        "MlAgent.Policy.ExtrinsicValueEstimate.mean": {
            "value": 0.6343439817428589,
            "min": 0.12058316916227341,
            "max": 0.8838335871696472,
            "count": 16
        },
        "MlAgent.Policy.ExtrinsicValueEstimate.sum": {
            "value": 515.7216796875,
            "min": 97.31061553955078,
            "max": 715.224609375,
            "count": 16
        },
        "MlAgent.Environment.EpisodeLength.mean": {
            "value": 799.7096774193549,
            "min": 719.9857142857143,
            "max": 800.4032258064516,
            "count": 16
        },
        "MlAgent.Environment.EpisodeLength.sum": {
            "value": 49582.0,
            "min": 49051.0,
            "max": 50768.0,
            "count": 16
        },
        "MlAgent.Environment.CumulativeReward.mean": {
            "value": 6.225806451612903,
            "min": 3.84375,
            "max": 6.757142857142857,
            "count": 16
        },
        "MlAgent.Environment.CumulativeReward.sum": {
            "value": 386.0,
            "min": 246.0,
            "max": 473.0,
            "count": 16
        },
        "MlAgent.Policy.ExtrinsicReward.mean": {
            "value": 6.225806451612903,
            "min": 3.84375,
            "max": 6.757142857142857,
            "count": 16
        },
        "MlAgent.Policy.ExtrinsicReward.sum": {
            "value": 386.0,
            "min": 246.0,
            "max": 473.0,
            "count": 16
        },
        "MlAgent.Losses.PolicyLoss.mean": {
            "value": 0.02470435122377239,
            "min": 0.020837359212649363,
            "max": 0.02833154199334482,
            "count": 16
        },
        "MlAgent.Losses.PolicyLoss.sum": {
            "value": 0.09881740489508956,
            "min": 0.0945606585436811,
            "max": 0.1416577099667241,
            "count": 16
        },
        "MlAgent.Losses.ValueLoss.mean": {
            "value": 6.8034206171830505,
            "min": 5.537989854812622,
            "max": 8.320394290288288,
            "count": 16
        },
        "MlAgent.Losses.ValueLoss.sum": {
            "value": 27.213682468732202,
            "min": 23.8906009833018,
            "max": 41.60197145144144,
            "count": 16
        },
        "MlAgent.Policy.LearningRate.mean": {
            "value": 0.00018367387627538757,
            "min": 0.00018367387627538757,
            "max": 0.0002961492012836,
            "count": 16
        },
        "MlAgent.Policy.LearningRate.sum": {
            "value": 0.0007346955051015503,
            "min": 0.0007346955051015503,
            "max": 0.0014461044179652,
            "count": 16
        },
        "MlAgent.Policy.Epsilon.mean": {
            "value": 0.16122461250000003,
            "min": 0.16122461250000003,
            "max": 0.1987164,
            "count": 16
        },
        "MlAgent.Policy.Epsilon.sum": {
            "value": 0.6448984500000001,
            "min": 0.6448984500000001,
            "max": 0.9820348000000001,
            "count": 16
        },
        "MlAgent.Policy.Beta.mean": {
            "value": 0.00306510816375,
            "min": 0.00306510816375,
            "max": 0.004935948359999999,
            "count": 16
        },
        "MlAgent.Policy.Beta.sum": {
            "value": 0.012260432655,
            "min": 0.012260432655,
            "max": 0.02410353652,
            "count": 16
        },
        "MlAgent.IsTraining.mean": {
            "value": 1.0,
            "min": 1.0,
            "max": 1.0,
            "count": 16
        },
        "MlAgent.IsTraining.sum": {
            "value": 1.0,
            "min": 1.0,
            "max": 1.0,
            "count": 16
        }
    },
    "metadata": {
        "timer_format_version": "0.1.0",
        "start_time_seconds": "1618982173",
        "python_version": "3.9.2 (tags/v3.9.2:1a79785, Feb 19 2021, 13:44:55) [MSC v.1928 64 bit (AMD64)]",
        "command_line_arguments": "D:\\Unity\\Projects\\FightingGame\\venv\\Scripts\\mlagents-learn .\\Assets\\config2.yaml --time-scale 1 --run-id normal --force",
        "mlagents_version": "0.25.1",
        "mlagents_envs_version": "0.25.1",
        "communication_protocol_version": "1.5.0",
        "pytorch_version": "1.8.0+cu111",
        "numpy_version": "1.20.2",
        "end_time_seconds": "1618990769"
    },
    "total": 8595.1744117,
    "count": 1,
    "self": 0.0047742000006110175,
    "children": {
        "run_training.setup": {
            "total": 0.09855520000000006,
            "count": 1,
            "self": 0.09855520000000006
        },
        "TrainerController.start_learning": {
            "total": 8595.071082299999,
            "count": 1,
            "self": 18.738853899989408,
            "children": {
                "TrainerController._reset_env": {
                    "total": 6.863118500000001,
                    "count": 1,
                    "self": 6.863118500000001
                },
                "TrainerController.advance": {
                    "total": 8569.39690830001,
                    "count": 404929,
                    "self": 9.651113100240764,
                    "children": {
                        "env_step": {
                            "total": 8559.74579519977,
                            "count": 404929,
                            "self": 6011.999630300212,
                            "children": {
                                "SubprocessEnvManager._take_step": {
                                    "total": 2537.8905221997684,
                                    "count": 404929,
                                    "self": 44.84377369950698,
                                    "children": {
                                        "TorchPolicy.evaluate": {
                                            "total": 2493.0467485002614,
                                            "count": 404929,
                                            "self": 711.9608959003413,
                                            "children": {
                                                "TorchPolicy.sample_actions": {
                                                    "total": 1781.0858525999201,
                                                    "count": 404929,
                                                    "self": 1781.0858525999201
                                                }
                                            }
                                        }
                                    }
                                },
                                "workers": {
                                    "total": 9.855642699789065,
                                    "count": 404928,
                                    "self": 0.0,
                                    "children": {
                                        "worker_root": {
                                            "total": 8566.785849799891,
                                            "count": 404928,
                                            "is_parallel": true,
                                            "self": 3318.108888899579,
                                            "children": {
                                                "steps_from_proto": {
                                                    "total": 0.000494400000000006,
                                                    "count": 1,
                                                    "is_parallel": true,