{
    "name": "root",
    "metadata": {
        "timer_format_version": "0.1.0",
        "start_time_seconds": "1618912789",
        "python_version": "3.9.2 (tags/v3.9.2:1a79785, Feb 19 2021, 13:44:55) [MSC v.1928 64 bit (AMD64)]",
        "command_line_arguments": "D:\\Exercise\\Unity\\gc-fightinggame\\venv\\Scripts\\mlagents-learn --run-id=normal --time-scale 1 --resume",
        "mlagents_version": "0.25.1",
        "mlagents_envs_version": "0.25.1",
        "communication_protocol_version": "1.5.0",
        "pytorch_version": "1.8.0+cu111",
        "numpy_version": "1.20.2",
        "end_time_seconds": "1618912801"
    },
    "total": 11.762497,
    "count": 1,
    "self": 0.00746949999999913,
    "children": {
        "run_training.setup": {
            "total": 0.08326970000000022,
            "count": 1,
            "self": 0.08326970000000022
        },
        "TrainerController.start_learning": {
            "total": 11.6717578,
            "count": 1,
            "self": 0.013078600000003604,
            "children": {
                "TrainerController._reset_env": {
                    "total": 4.9550467,
                    "count": 1,
                    "self": 4.9550467
                },
                "TrainerController.advance": {
                    "total": 4.378318799999995,
                    "count": 199,
                    "self": 0.003318699999981689,
                    "children": {
                        "env_step": {
                            "total": 4.375000100000014,
                            "count": 199,
                            "self": 2.843414400000004,
                            "children": {
                                "SubprocessEnvManager._take_step": {
                                    "total": 1.5286397000000171,
                                    "count": 199,
                                    "self": 0.016380100000013442,
                                    "children": {
                                        "TorchPolicy.evaluate": {
                                            "total": 1.5122596000000037,
                                            "count": 199,
                                            "self": 0.28815819999999803,
                                            "children": {
                                                "TorchPolicy.sample_actions": {
                                                    "total": 1.2241014000000057,
                                                    "count": 199,
                                                    "self": 1.2241014000000057
                                                }
                                            }
                                        }
                                    }
                                },
                                "workers": {
                                    "total": 0.0029459999999925657,
                                    "count": 198,
                                    "self": 0.0,
                                    "children": {
                                        "worker_root": {
                                            "total": 6.120490799999984,
                                            "count": 198,
                                            "is_parallel": true,
                                            "self": 3.583110499999974,
                                            "children": {
                                                "steps_from_proto": {
                                                    "total": 0.0003516999999999548,
                                                    "count": 1,
                                                    "is_parallel": true,
                                                    "self": 0.00020409999999992934,
                                                    "children": {
                                                        "_process_rank_one_or_two_observation": {
                                                            "total": 0.0001476000000000255,
                                                            "count": 2,
                                                            "is_parallel": true,
                                                            "self": 0.0001476000000000255
                                                        }
                                                    }
                                                },
                                                "UnityEnvironment.step": {
                                                    "total": 2.53702860000001,
                                                    "count": 198,
                                                    "is_parallel": true,
                                                    "self": 0.020097100000006307,
                                                    "children": {
                                                        "UnityEnvironment._generate_step_input": {
                                                            "total": 0.04439800000000371,
                                                            "count": 198,
                                                            "is_parallel": true,
                                                            "self": 0.04439800000000371
                                                        },
                                                        "communicator.exchange": {
                                                            "total": 2.390885699999994,
                                                            "count": 198,
                                                            "is_parallel": true,
                                                            "self": 2.390885699999994
                                                        },
                                                        "steps_from_proto": {
                                                            "total": 0.08164780000000604,
                                                            "count": 198,
                                                            "is_parallel": true,
                                                            "self": 0.0486308999999876,
                                                            "children": {
                                                                "_process_rank_one_or_two_observation": {
                                                                    "total": 0.033016900000018445,
                                                                    "count": 396,
                                                                    "is_parallel": true,
                                                                    "self": 0.033016900000018445
                                                                }
                                                            }
                                                        }
                                                    }
                                                }
                                            }
                                        }
                                    }
                                }
                            }
                        }
                    }
                },
                "trainer_threads": {
                    "total": 0.00017659999999963816,
                    "count": 1,
                    "self": 0.00017659999999963816,
                    "children": {
                        "thread_root": {
                            "total": 0.0,
                            "count": 0,
                            "is_parallel": true,
                            "self": 0.0,
                            "children": {
                                "trainer_advance": {
                                    "total": 4.377834500000002,